<?xml version="1.0" encoding="UTF-8"?>
<beans xmlns="http://www.springframework.org/schema/beans"
	xmlns:xsi="http://www.w3.org/2001/XMLSchema-instance"
	xsi:schemaLocation="http://www.springframework.org/schema/beans http://www.springframework.org/schema/beans/spring-beans.xsd">

<bean id="12345" class="data.TrainsList">
	<property name="TrainNumber" value="12345"></property>
	<property name="TrainName" value="HYD2VSKP"></property>
	<property name="Source" value="HYD"></property>
	<property name="Destination" value="VSKP"></property>
	<property name="seats" value="700"></property>
	<property name="price" value="450"></property>
	</bean>


</beans>
